instance_name,group,pca_1,pca_2,tsne_1,tsne_2,umap_1,umap_2
YT_Gold_002_ch1422_d14_IN_hi_20260617,Instances_Youtube,-0.7894097618812295,0.6712325064221645,-40.882225,15.510729,-1.4419835,-2.805055
YT_Gold_003_ch892_d11_BG_bg_20261018,Instances_Youtube,-0.7728894672449034,0.4498353030047275,-34.232964,16.154556,-2.4539921,-3.2742
YT_Gold_004_ch721_d8_IT_it_20260407,Instances_Youtube,-0.6753864636067624,0.48460291904860453,-35.37361,14.513694,-2.4253814,-2.8890026
YT_Gold_005_ch709_d13_NL_nl_20260310,Instances_Youtube,-1.0098678034110504,0.31256653712362614,-36.574924,5.4768643,-3.465234,-2.3560488
YT_Gold_006_ch672_d10_ES_es_20260222,Instances_Youtube,-0.8344741787121329,0.33675318045620073,-33.730793,12.980267,-2.6373446,-2.7935166
YT_Gold_007_ch1436_d8_US_en_20260730,Instances_Youtube,-0.5413187026168553,0.36493955502280984,-34.95767,16.777786,-2.3123238,-3.1059692
YT_Gold_008_ch1103_d11_ID_id_20260803,Instances_Youtube,-0.7348073616165232,0.3751522343912339,-38.869957,12.867872,-1.9885789,-2.4120111
YT_Gold_009_ch887_d11_BG_bg_20260427,Instances_Youtube,-0.8205499652492315,0.29952011720618743,-33.4847,13.868626,-2.8483825,-3.0364048
YT_Gold_010_ch1427_d9_SE_sv_20260205,Instances_Youtube,-0.6458462551643837,0.3993788871742978,-35.32672,15.671186,-2.2960236,-3.19777
YT_Gold_011_ch1258_d8_DK_da_20261205,Instances_Youtube,-0.6677038198340941,0.3310288061493598,-32.923035,13.976276,-2.67824,-2.9300623
YT_Gold_012_ch1200_d12_GB_en_20260319,Instances_Youtube,-0.8655051824686478,0.6024906241478305,-40.150475,14.679225,-1.8243519,-2.8023179
YT_Gold_013_ch1221_d13_SE_sv_20260716,Instances_Youtube,-0.7862193199866098,0.506942407860111,-38.95478,14.731247,-1.6863414,-2.915304
YT_Gold_014_ch1110_d11_BG_bg_20260521,Instances_Youtube,-0.6654757940054494,0.5610116439172423,-34.16827,15.126439,-2.5226078,-3.2754533
YT_Gold_015_ch1333_d13_SE_sv_20260525,Instances_Youtube,-0.9597867719882281,0.27587817053945685,-36.61879,6.695535,-3.3755348,-2.2182896
YT_Gold_016_ch689_d11_RO_ro_20260810,Instances_Youtube,-0.7237705919914263,0.6168161785007173,-41.567303,14.43154,-1.3624642,-2.583515
YT_Gold_017_ch1261_d13_SA_ar_20260828,Instances_Youtube,-0.7884524908082979,0.3750918196352502,-38.88522,13.855086,-1.8081843,-2.7347403
YT_Gold_018_ch1123_d10_AE_ar_20261224,Instances_Youtube,-0.9610805485065808,0.1586896153519879,-40.23383,7.6562047,-2.1881635,-1.7846417
YT_Gold_019_ch541_d9_BG_bg_20260428,Instances_Youtube,-0.6607786418328832,0.46825835925621995,-41.693565,13.698474,-1.37102,-2.3697214
YT_Gold_020_ch1137_d5_RS_sr_20260701,Instances_Youtube,-0.67478882511185,0.22737321072965888,-40.077988,10.0376625,-2.2330835,-1.6667464
YT_Gold_021_ch1941_d13_UA_uk_20260309,Instances_Youtube,-0.9961421525646862,0.2518921197218418,-35.213585,6.47868,-3.3848255,-2.235761
YT_Gold_022_ch1935_d13_FI_fi_20260401,Instances_Youtube,-0.9909953166504121,0.2943056990963975,-36.375523,7.433673,-3.28741,-2.184126
YT_Gold_023_ch845_d13_NO_no_20260304,Instances_Youtube,-0.6662019677283905,0.576906687030446,-36.557632,16.826944,-1.9639134,-3.2483976
YT_Gold_024_ch1113_d2_DE_de_20261027,Instances_Youtube,-0.4364145823611236,-0.10482826187028749,-30.907879,7.950695,-2.9022808,-1.671033
YT_Gold_025_ch1383_d12_TR_tr_20260127,Instances_Youtube,-0.6883319312220689,0.4914970714911915,-36.179394,16.138237,-2.0237675,-3.2579458
YT_Gold_026_ch1269_d8_IL_he_20260218,Instances_Youtube,-0.821341472575434,0.28692792488109253,-34.409565,10.384194,-2.6923091,-1.9737382
YT_Gold_027_ch851_d13_BR_pt_20260315,Instances_Youtube,-0.8009386124279725,0.5830852069909465,-39.584606,15.141119,-1.6337336,-3.0164857
YT_Gold_028_ch855_d4_DK_da_20260820,Instances_Youtube,-0.5358912959685029,0.21345207376399888,-32.58804,11.056742,-2.6343682,-1.7318257
YT_Gold_029_ch1446_d13_RS_sr_20260213,Instances_Youtube,-0.8018578852918539,0.47046184409132463,-39.80499,12.798494,-1.8111966,-2.5138447
YT_Gold_029_ch1668_d6_CA_en_20260523,Instances_Youtube,-0.6834603225885323,0.39388737522635187,-41.4233,11.007182,-1.6567111,-1.974767
YT_Gold_030_ch1706_d4_PT_pt_20260704,Instances_Youtube,-0.43412733553843225,0.46564446765889156,-43.546352,14.260464,-1.4257498,-2.3019857
YT_Gold_031_ch856_d8_ES_es_20261211,Instances_Youtube,-0.8441810352044377,0.09562923705037352,-33.065834,7.0337744,-3.095965,-1.8874375
YT_Gold_032_ch711_d5_BR_pt_20261222,Instances_Youtube,-0.7427618230665828,0.11231337661415974,-39.698994,9.311043,-2.2487826,-1.6631285
YT_Gold_032_ch934_d7_HK_zh_20260504,Instances_Youtube,-0.5459288993375954,0.5536400499770013,-42.524937,13.224547,-1.415748,-2.4017498
YT_Gold_033_ch1379_d11_FR_fr_20261107,Instances_Youtube,-0.600226157362486,0.5652840839544686,-37.237186,16.104761,-2.0470204,-3.3159106
YT_Gold_033_ch643_d13_GR_el_20261101,Instances_Youtube,-0.9394579996689503,0.4862236162321507,-37.02441,13.288308,-2.3680522,-2.7444978
YT_Gold_034_ch1695_d10_AE_ar_20260315,Instances_Youtube,-0.8097799770630688,0.2287397804523239,-38.106487,9.594517,-2.1752253,-2.2175145
YT_Gold_035_ch811_d6_ES_es_20260209,Instances_Youtube,-0.6890184030627243,0.3656208683435509,-40.505466,10.774934,-1.9877363,-1.8338239
YT_Gold_036_ch1558_d4_TR_tr_20260105,Instances_Youtube,-0.7177015968232252,0.059751873085633234,-32.061634,7.774823,-2.931613,-1.7800596
YT_Gold_037_ch1863_d14_FR_fr_20261209,Instances_Youtube,-1.0912848845502667,0.2993462548444583,-36.190186,6.4620996,-3.4870286,-2.2894773
YT_Gold_038_ch861_d12_RU_ru_20260401,Instances_Youtube,-1.0580136870763035,0.33464645396906767,-35.58286,7.8365507,-3.0905888,-2.3221853
YT_Gold_039_ch1505_d10_IN_hi_20260128,Instances_Youtube,-0.8765180016168438,0.2960476878822562,-41.42066,9.140955,-1.958306,-1.8749201
YT_Gold_040_ch1699_d15_GB_en_20260205,Instances_Youtube,-1.0375937674380267,0.44179748983301614,-34.749634,5.5685,-3.238371,-2.8139758
YT_Gold_041_ch1210_d16_NO_no_20260525,Instances_Youtube,-0.9493821859085467,0.39754447216674316,-35.55978,4.8578935,-3.30503,-2.6835065
YT_Gold_042_ch826_d16_HK_zh_20260801,Instances_Youtube,-0.9835762917042343,0.6436770971146555,-34.99711,13.273608,-2.8857124,-3.013195
YT_Gold_043_ch518_d4_AE_ar_20260324,Instances_Youtube,-0.5824133835258727,0.16107571188879533,-31.371843,10.033734,-2.7901776,-1.7580805
YT_Gold_044_ch1318_d6_ID_id_20260313,Instances_Youtube,-0.523824596102911,0.36717621421396496,-32.024693,14.260831,-2.7218807,-2.8977344
YT_Gold_045_ch1786_d13_DE_de_20260412,Instances_Youtube,-0.7929457027489429,0.5492156060865254,-40.467228,13.9111395,-1.4439111,-2.6771827
YT_Gold_046_ch941_d6_SE_sv_20261007,Instances_Youtube,-0.6324135480191162,0.4011520750089719,-31.782032,13.318288,-2.6801748,-2.7014701
YT_Gold_047_ch405_d15_UA_uk_20261020,Instances_Youtube,-1.054220944485396,0.2918489358867422,-36.69528,6.2146716,-3.5017817,-2.3045847
YT_Gold_048_ch1193_d11_FI_fi_20261123,Instances_Youtube,-0.9523533380752619,0.4533024209093022,-36.329655,10.240773,-2.4870653,-2.256718
YT_Gold_049_ch951_d11_DK_da_20261201,Instances_Youtube,-0.7455093870040514,0.24921292655697314,-39.530003,12.240232,-1.9406025,-2.4347231
YT_Gold_050_ch1078_d11_FR_fr_20261125,Instances_Youtube,-0.6558132462090389,0.4754656800997059,-33.832653,15.103092,-2.552478,-3.330207
YT_Gold_052_ch1616_d7_RO_ro_20261224,Instances_Youtube,-0.7584343738902715,0.2910843730226873,-33.974762,10.399543,-2.6574717,-1.8941537
YT_Gold_053_ch536_d4_VN_vi_20260430,Instances_Youtube,-0.5178830725680855,0.15403443802537709,-31.136417,11.534908,-2.704651,-1.9529927
YT_Gold_054_ch876_d7_UA_uk_20260711,Instances_Youtube,-0.6202477763524764,0.38796633068424224,-32.177525,13.559904,-2.6246965,-2.73777
YT_Gold_055_ch1051_d5_US_en_20261002,Instances_Youtube,-0.5224738719152652,0.25132288468834174,-32.331696,11.836724,-2.6357985,-2.002996
YT_Gold_057_ch1349_d17_BR_pt_20260521,Instances_Youtube,-0.9120546441636092,0.7126005239549902,-37.356476,14.671164,-2.109753,-3.1158419
YT_Gold_058_ch1502_d9_TW_zh_20261002,Instances_Youtube,-0.6276080863976601,0.36680971730368195,-32.81981,14.942922,-2.7576723,-3.2522502
YT_Gold_059_ch1168_d12_SA_ar_20261026,Instances_Youtube,-0.9154741923269124,0.30573876343371786,-37.92725,8.169608,-2.5479767,-2.2122433
YT_Gold_060_ch679_d7_DK_da_20261224,Instances_Youtube,-0.7136654288158701,0.31101955035528417,-33.903076,10.947221,-2.677287,-2.054333
YT_Gold_061_ch1184_d7_IT_it_20260405,Instances_Youtube,-0.6358042419092926,0.29999670923001265,-39.08563,10.864559,-2.0729356,-1.9639554
YT_Gold_062_ch649_d6_TR_tr_20260401,Instances_Youtube,-0.7752522646885891,0.10025444915519799,-39.553978,8.249033,-2.222142,-1.6834635
YT_Gold_063_ch943_d14_GB_en_20260312,Instances_Youtube,-1.0226472191006486,0.27630439996962464,-36.77761,5.5331864,-3.5073075,-2.2911482
YT_Gold_064_ch1760_d10_FR_fr_20260725,Instances_Youtube,-0.9884889742205926,0.36460641576354624,-41.28683,8.830957,-2.112389,-1.8289675
YT_Gold_065_ch879_d13_AE_ar_20260218,Instances_Youtube,-0.8211800215921459,0.4884725802350445,-36.56197,14.766583,-2.1414125,-3.096364
YT_Gold_066_ch670_d6_IN_hi_20260911,Instances_Youtube,-0.669250218378674,0.40134087631367277,-42.11199,11.383974,-1.5904857,-1.966718
YT_Gold_067_ch1045_d7_IT_it_20260621,Instances_Youtube,-0.664101019353077,0.41895289186476226,-41.708565,12.734388,-1.4423524,-2.2081776
YT_Gold_068_ch1244_d17_SE_sv_20261130,Instances_Youtube,-1.0281871850222297,0.5027581982131437,-35.343563,4.8508887,-3.2406807,-2.794081
YT_Gold_069_ch900_d17_UA_uk_20260830,Instances_Youtube,-0.7908498484558866,0.5171882355458732,-37.855347,16.925022,-1.9264526,-3.1998818
YT_Gold_070_ch1355_d11_DK_da_20260722,Instances_Youtube,-0.9454764551426462,0.23235493425688558,-37.916527,7.6352057,-3.0273776,-2.0782833
YT_Gold_071_ch1316_d5_JP_ja_20260423,Instances_Youtube,-0.7393835639481684,0.1932559678158392,-34.06837,9.564495,-2.6717753,-1.7357633
YT_Gold_072_ch1570_d9_FR_fr_20260118,Instances_Youtube,-0.6580686831290088,0.5141480399737661,-41.529144,13.429517,-1.37432,-2.3988574
YT_Gold_073_ch1203_d9_VN_vi_20260129,Instances_Youtube,-0.8539260500464387,0.15178930020916637,-36.691647,8.623106,-2.893537,-1.986526
YT_Gold_074_ch1628_d13_JP_ja_20260906,Instances_Youtube,-0.8271449837637258,0.49461119616642035,-32.859783,15.76356,-2.9185395,-3.0874898
YT_Gold_075_ch1459_d12_VN_vi_20261026,Instances_Youtube,-0.7478299410437317,0.578279511824666,-34.5565,14.490272,-2.5779626,-3.2166781
YT_Gold_076_ch987_d9_ID_id_20260725,Instances_Youtube,-0.9525009349569244,0.27138678009121353,-35.352474,8.895191,-2.9241028,-2.112139
YT_Gold_077_ch1329_d3_IL_he_20260224,Instances_Youtube,-0.5280345303491935,0.24698473055827175,-32.254955,10.530575,-2.6148949,-1.7028342
YT_Gold_078_ch405_d14_IT_it_20260718,Instances_Youtube,-0.7087204668290995,0.48807996340938775,-38.617355,15.522101,-1.7162455,-3.0790324
YT_Gold_079_ch1895_d12_US_en_20260821,Instances_Youtube,-0.7259744701376182,0.5366293960593216,-36.45678,15.708025,-2.0460587,-3.3021817
YT_Gold_080_ch1561_d3_NO_no_20260601,Instances_Youtube,-0.4244127250659187,0.305136932699698,-30.888935,12.613625,-2.5980732,-2.2675781
YT_Gold_082_ch872_d12_NL_nl_20261018,Instances_Youtube,-0.7266375574373376,0.46151062831945966,-33.381718,15.680125,-2.6499667,-3.354459
YT_Gold_083_ch1827_d12_RO_ro_20260224,Instances_Youtube,-0.6886827844405252,0.663729751942342,-39.89292,16.072071,-1.535096,-2.9455996
YT_Gold_084_ch899_d13_CA_en_20260418,Instances_Youtube,-0.8536216355635509,0.6617467000743205,-41.179188,14.889609,-1.3787905,-2.754497
YT_Gold_085_ch1240_d12_TW_zh_20261114,Instances_Youtube,-1.048853529671446,0.3166785604253053,-37.706726,6.744485,-3.2847552,-2.2089648
YT_Gold_086_ch761_d11_UA_uk_20260413,Instances_Youtube,-0.7098377650332003,0.49931243230228817,-35.825874,15.57016,-2.1251528,-3.2856195
YT_Gold_087_ch1208_d5_US_en_20260731,Instances_Youtube,-0.6362894851299256,0.19416489665847103,-38.828278,9.479715,-2.325507,-1.7057868
YT_Gold_088_ch1354_d3_GR_el_20260429,Instances_Youtube,-0.5448577526939999,0.19574330726134304,-32.53515,9.829309,-2.4099317,-1.6147484
YT_Gold_089_ch1445_d9_ID_id_20261007,Instances_Youtube,-0.7822128681306989,0.2901840687115367,-39.32609,10.919903,-1.9701333,-1.9741975
YT_Gold_090_ch1901_d9_ID_id_20260710,Instances_Youtube,-0.6823826559670227,0.2673711833593162,-37.751385,10.89579,-2.2385614,-2.1354647
YT_Premium_001_ch1677_d15_IL_he_20260601,Instances_Youtube,-0.956716567721198,0.5711076460821747,-37.181465,13.289445,-2.210848,-2.7422762
YT_Premium_002_ch1812_d9_EG_ar_20260607,Instances_Youtube,-0.6848873677636876,0.5298079561134026,-33.454742,17.077324,-2.491563,-3.227405
YT_Premium_003_ch1981_d9_EG_ar_20260302,Instances_Youtube,-0.7375394868377807,0.7425742878540709,-35.720016,12.523384,-2.5833645,-2.9359925
YT_Premium_004_ch1831_d8_AE_ar_20261209,Instances_Youtube,-0.9409742147393821,0.4523269023691092,-35.605312,10.943947,-2.8158886,-2.5178633
YT_Premium_005_ch1674_d15_IN_hi_20260805,Instances_Youtube,-0.9498825269165025,0.8114403183066596,-35.716827,12.478441,-2.600264,-2.9621677
YT_Premium_006_ch1954_d11_AE_ar_20261216,Instances_Youtube,-0.9522608091606595,0.6783129148677913,-35.550232,11.617165,-2.775041,-2.7493436
YT_Premium_007_ch1924_d5_VN_vi_20260118,Instances_Youtube,-0.6287675711869772,0.28403395714674406,-33.219402,10.627122,-2.622347,-1.675145
YT_Premium_008_ch1946_d7_IT_it_20260815,Instances_Youtube,-0.6409397222363128,0.4403875313993417,-41.965332,11.883183,-1.4761163,-2.1482906
YT_Premium_009_ch1943_d14_US_en_20260130,Instances_Youtube,-1.2766846413529493,0.5227683424452296,-34.642704,7.9976397,-3.0785449,-2.3525455
YT_Premium_010_ch1815_d7_EG_ar_20260828,Instances_Youtube,-0.9505258173801776,0.26996801562967154,-32.96556,7.9108453,-2.9837654,-2.2249622
epg_AU_2026-01-04,Instances_PW,0.3595264489662374,0.09816736501095957,3.0608819,20.446598,18.503248,15.811107
epg_AU_2026-01-05,Instances_PW,0.3642112005982535,0.09110248492807904,3.1035905,20.53583,18.548767,15.8372755
epg_AU_2026-01-06,Instances_PW,0.5236163218044277,0.015628263476386017,28.76032,-8.65663,6.986784,10.340359
epg_AU_2026-01-07,Instances_PW,0.4850786837083091,0.1325352138665732,8.332219,22.59631,19.11824,14.6393175
epg_AU_2026-01-08,Instances_PW,0.3949291020014286,-0.04115351244395493,24.927938,-9.971165,7.246657,9.81987
epg_BR_2026-01-04,Instances_PW,0.39018310152681746,0.13005110130350306,4.238042,22.846634,18.944723,15.581496
epg_BR_2026-01-05,Instances_PW,0.42725053512199296,0.13866190116071953,4.951408,25.812347,19.670008,15.327278
epg_BR_2026-01-06,Instances_PW,0.3642510980772674,0.11342352902100772,3.5622413,21.937206,18.740814,15.766409
epg_BR_2026-01-07,Instances_PW,0.10075331792879427,0.027938860927089748,-9.190003,-6.2989607,10.979941,0.8161321
epg_BR_2026-01-08,Instances_PW,-0.09998003364340957,-0.18139417628189403,7.536034,-16.946173,8.218986,4.7077575
epg_CA_2026-01-04,Instances_PW,0.5045666859936692,0.1173029239111476,15.039801,18.591738,17.364796,14.528586
epg_CA_2026-01-05,Instances_PW,0.5291314954625451,0.13673728057371526,15.266048,19.054768,17.426641,14.43346
epg_CA_2026-01-06,Instances_PW,0.5663840419528227,0.02596380594887071,25.948296,-7.7331586,7.326166,10.007298
epg_CA_2026-01-07,Instances_PW,0.3119119325163725,-0.025467025064180637,15.594911,-12.22167,8.616895,6.803119
epg_CA_2026-01-08,Instances_PW,-0.06225740054258788,-0.12906133488173466,7.684518,-17.483532,8.199066,4.7444115
epg_CN_2026-01-04,Instances_PW,0.28007379544130495,-0.12414313171144897,10.469424,10.696999,17.012806,12.809615
epg_CN_2026-01-05,Instances_PW,-0.0758204421911911,-0.4237191392276086,0.7699238,-8.883375,10.157928,3.220324
epg_CN_2026-01-06,Instances_PW,-0.21289287347744634,-0.6117170217998966,1.21556,-8.812117,10.059109,3.328352
epg_CN_2026-01-07,Instances_PW,0.22089229206652383,-0.46651410512254843,8.870257,8.093692,16.718298,12.590122
epg_CN_2026-01-08,Instances_PW,0.22747232802019657,-0.4634672382860715,8.806179,8.156901,16.70758,12.578773
epg_DE_2026-01-04,Instances_PW,0.4391424478410334,0.13146160282969444,5.7822266,23.432571,19.010872,15.327146
epg_DE_2026-01-05,Instances_PW,0.4657845308126759,0.1495567600203942,8.950064,26.34958,19.27884,15.159177
epg_DE_2026-01-06,Instances_PW,0.45695257768071584,0.13134772112521498,8.954683,25.787825,18.91597,15.172191
epg_DE_2026-01-07,Instances_PW,0.1722859918945111,0.023962962725406878,-12.625907,-11.159009,11.994508,0.6518436
epg_DE_2026-01-08,Instances_PW,-0.05655295601157995,-0.04668383394998388,-5.8467975,-12.4436245,10.7795,0.9900395
epg_FR_2026-01-04,Instances_PW,0.3943491837893073,0.04416406871116341,33.441486,-7.5159845,6.897604,11.133975
epg_FR_2026-01-05,Instances_PW,0.4332058796774595,0.05680121337937627,33.25265,-7.114609,6.9602704,11.183533
epg_FR_2026-01-06,Instances_PW,0.2260733395285529,-0.02979034986860074,15.120087,-12.454616,8.651831,6.5061746
epg_FR_2026-01-07,Instances_PW,0.014796198747989764,-0.20440528518368262,8.681188,-16.304579,8.351475,4.853644
epg_FR_2026-01-08,Instances_PW,-0.10144039310671193,-0.17863650369521666,7.5321236,-16.91885,8.220357,4.7137794
epg_GB_2026-01-04,Instances_PW,0.4644151343750301,0.1515670137673415,9.83743,28.059483,19.293274,14.880642
epg_GB_2026-01-05,Instances_PW,0.500101655466619,0.1654176595519281,9.759501,28.16668,19.542273,14.9255705
epg_GB_2026-01-06,Instances_PW,0.22011336165099127,0.07545901788069687,-0.3534077,17.553226,18.297146,16.174854
epg_GB_2026-01-07,Instances_PW,-0.10020793321105137,-0.16685573861944736,7.0893693,-17.16269,8.230492,4.71297
epg_GB_2026-01-08,Instances_PW,-0.821524703389809,-0.9572423919982552,-3.0594118,-48.79209,-15.638794,17.295229
epg_HK_2026-01-04,Instances_PW,0.4189462312830191,0.1197136345119032,5.0778885,24.034416,19.084356,15.4766
epg_HK_2026-01-05,Instances_PW,0.49043690454409405,0.02189705253891472,28.556551,-6.9762173,7.3249025,10.274948
epg_HK_2026-01-06,Instances_PW,0.5120220556912084,0.007947856513626284,27.502106,-6.695274,7.48053,10.053097
epg_HK_2026-01-07,Instances_PW,0.5115501470933893,-0.0027752349218912453,27.924774,-6.7163625,7.4631906,10.115682
epg_HK_2026-01-08,Instances_PW,0.4943368678737884,0.0011304874145889876,27.26299,-6.553524,7.4695525,10.004946
epg_ID_2026-01-04,Instances_PW,0.47173505084163503,0.11443523436049219,8.289548,22.169016,18.955908,14.633591
epg_ID_2026-01-05,Instances_PW,0.5159333104841101,-0.0070492626921594415,28.15921,-9.03845,6.925795,10.280786
epg_ID_2026-01-06,Instances_PW,0.44878385791032593,0.09142048187427632,7.8963094,21.535004,18.898924,14.721515
epg_ID_2026-01-07,Instances_PW,0.004246567446406169,-0.14230996018562758,-5.2444715,-13.114054,10.71529,1.2227426
epg_ID_2026-01-08,Instances_PW,-0.13521956229772847,-0.2346114790294206,7.1318207,-16.353043,8.275472,4.7143555
epg_IN_2026-01-04,Instances_PW,0.5279191549781684,0.16150308769453492,10.92876,22.814642,18.930775,14.530442
epg_IN_2026-01-05,Instances_PW,0.24551165867271163,-0.17435898031470798,-5.094432,-14.401626,11.403257,2.2926705
epg_IN_2026-01-06,Instances_PW,0.07376248867439172,-0.1403251142906362,-5.8298783,-14.13408,11.484029,2.237034
epg_IN_2026-01-07,Instances_PW,-0.20388698210246914,-0.36197192566230885,0.899952,-12.316189,10.125172,3.155794
epg_IN_2026-01-08,Instances_PW,-0.4146931524457382,-0.557072327960332,4.058408,-12.022637,9.696367,3.768025
epg_JP_2026-01-04,Instances_PW,0.35298225024824903,-0.017248579923492158,8.461421,13.431913,17.381422,13.19324
epg_JP_2026-01-05,Instances_PW,0.4009094713431326,-0.009569258548898785,8.868926,13.006279,17.285315,13.019905
epg_JP_2026-01-06,Instances_PW,0.4395594444542289,-0.10698083704269667,25.461628,-3.5919507,7.8821254,10.541128
epg_JP_2026-01-07,Instances_PW,0.4012866596097481,-0.1408100235440367,25.420376,-3.2016702,7.8435225,10.468348
epg_JP_2026-01-08,Instances_PW,0.4088786166402708,-0.00610356616106944,9.095058,13.079899,17.298662,12.935241
epg_MY_2026-01-04,Instances_PW,0.3670603897395609,0.11983086026270406,3.1528547,21.648542,18.741455,15.710371
epg_MY_2026-01-05,Instances_PW,0.442618691773078,0.16967128743926674,6.4470825,28.332642,19.8992,15.097161
epg_MY_2026-01-06,Instances_PW,0.3555018781631444,0.14174363788357258,2.4475021,23.135813,18.756227,15.628576
epg_MY_2026-01-07,Instances_PW,0.24619916724426993,0.10474377514698174,0.97982556,19.103367,18.275543,16.01664
epg_MY_2026-01-08,Instances_PW,0.3185898556279013,0.11338727066442744,1.9491192,19.84253,18.343344,15.893829
epg_NZ_2026-01-04,Instances_PW,0.4310074978654935,-0.030927828742546515,26.046598,-9.808129,7.1667337,10.075422
epg_NZ_2026-01-05,Instances_PW,0.356665559609472,0.02703049171667149,2.9692216,17.251505,18.110933,15.819642
epg_NZ_2026-01-06,Instances_PW,0.3501124949930282,0.032549702173760964,3.1251767,17.530252,18.009285,15.771214
epg_NZ_2026-01-07,Instances_PW,0.4962174145728758,0.07208444871724695,10.905481,19.089195,17.975275,13.949057
epg_NZ_2026-01-08,Instances_PW,0.4950022931153112,0.09043388002574249,10.796548,19.545967,18.001656,13.947622
epg_PH_2026-01-04,Instances_PW,0.4149324694653974,-0.010434028218081148,8.832561,14.906666,17.541122,13.200676
epg_PH_2026-01-05,Instances_PW,0.39377587794753366,0.06365552247826622,7.281109,20.421597,18.906324,14.708189
epg_PH_2026-01-06,Instances_PW,0.4682929631688647,0.11056052441127417,7.3631177,22.113749,19.170582,14.686645
epg_PH_2026-01-07,Instances_PW,0.41727565884475915,0.07140985372549913,7.576379,20.451536,18.960997,14.624912
epg_PH_2026-01-08,Instances_PW,-0.13480632355865918,-0.22618155810490792,7.0245557,-16.420908,8.23352,4.6965327
epg_RU_2026-01-04,Instances_PW,0.4042478554534322,0.08503310189763003,22.978045,-0.60193473,8.921175,8.609991
epg_RU_2026-01-05,Instances_PW,0.19863457174290533,-0.03482753243485104,15.177287,-13.498766,8.648871,6.75723
epg_RU_2026-01-06,Instances_PW,-0.10846105391703886,-0.16055351857191535,6.9233217,-17.890793,8.262736,4.7474375
epg_RU_2026-01-07,Instances_PW,-0.821524703389809,-0.9572423919982552,-3.0594118,-48.79209,-15.642953,17.351997
epg_RU_2026-01-08,Instances_PW,-0.821524703389809,-0.9572423919982552,-2.734179,-47.067295,-15.5942745,17.323683
epg_SG_2026-01-04,Instances_PW,0.43044679036780187,0.15783389523220737,6.760826,25.092697,19.494616,15.08675
epg_SG_2026-01-05,Instances_PW,0.33346550722670154,0.1902703715496572,1.3228391,24.476316,18.847633,15.436391
epg_SG_2026-01-06,Instances_PW,0.46920830106712785,0.15754499814250256,8.322142,24.30667,19.273449,14.746298
epg_SG_2026-01-07,Instances_PW,0.23392236092748353,0.07188489126797348,-0.18539074,17.635002,18.193962,16.151196
epg_SG_2026-01-08,Instances_PW,0.4372314609995943,0.14064308354862365,7.156614,23.494066,19.083588,14.890989
epg_TW_2026-01-04,Instances_PW,0.45632682984081885,-0.04902343877376725,24.355467,-4.446345,7.6719575,10.201903
epg_TW_2026-01-05,Instances_PW,0.5068936547038801,0.05142959434810468,11.4394245,14.021506,17.561611,13.454345
epg_TW_2026-01-06,Instances_PW,0.5119293048587695,-0.08674547248922737,24.591417,-4.4993744,7.7570076,10.212144
epg_TW_2026-01-07,Instances_PW,0.3981094933686614,-0.010628401681480604,7.6924047,14.823567,17.454868,13.338684
epg_TW_2026-01-08,Instances_PW,0.47765319293938935,0.0072860999768246115,10.825483,13.793943,17.494673,13.203237
epg_US_2026-01-04,Instances_PW,0.5327986738837219,0.3085474504270016,21.06302,4.436323,9.129859,8.549183
epg_US_2026-01-05,Instances_PW,0.5545496084576919,0.3199490883972984,21.154957,4.385025,9.16543,8.572547
epg_US_2026-01-06,Instances_PW,0.5769812853013062,0.19879653276799436,21.35039,4.138027,9.16461,8.547583
epg_US_2026-01-07,Instances_PW,0.36628036485672844,0.13328605111555136,20.5317,4.7426286,9.076561,8.581456
epg_US_2026-01-08,Instances_PW,0.05260216402943507,-0.04752224666510452,-13.302848,-20.011757,12.569203,2.6630955
epg_VN_2026-01-04,Instances_PW,0.3896076837323167,-0.02791251770962133,4.985465,15.165182,18.04995,15.578633
epg_VN_2026-01-05,Instances_PW,-0.20301516514533413,-0.45457175889428497,5.4838843,-13.822725,8.852754,4.543575
epg_VN_2026-01-06,Instances_PW,-0.4246768578135892,-0.593710331314015,4.0975904,-12.027831,9.680251,3.7740078
epg_VN_2026-01-07,Instances_PW,-0.821524703389809,-0.9572423919982552,-3.0594118,-48.79209,-15.57812,17.376997
epg_VN_2026-01-08,Instances_PW,-0.821524703389809,-0.9572423919982552,-3.0594118,-48.79209,-15.391437,17.50778
epg_ZA_2026-01-04,Instances_PW,0.5108427451488867,-0.004121939806775776,27.236881,-9.556566,6.9417033,10.206554
epg_ZA_2026-01-05,Instances_PW,0.4851461717934441,0.11268566083904963,9.1704,22.94127,18.982368,14.634549
epg_ZA_2026-01-06,Instances_PW,0.3108069544715538,0.050432757371704606,0.5205347,17.6285,18.15817,16.095352
epg_ZA_2026-01-07,Instances_PW,0.03427951135725016,-0.17997148955820264,8.823734,-16.208471,8.348736,4.8667707
epg_ZA_2026-01-08,Instances_PW,-0.2347174021354853,-0.3438556423085034,6.4271507,-15.04845,8.501932,4.650181
iptv-epg_ae_2026-01-04,Instances_IPTV,-0.821524703389809,-0.9572423919982552,-3.0594118,-48.79209,-15.673446,17.489439
iptv-epg_ae_2026-01-05,Instances_IPTV,-0.821524703389809,-0.9572423919982552,-3.0594118,-48.79209,-15.599569,17.28268
iptv-epg_ae_2026-01-06,Instances_IPTV,-0.821524703389809,-0.9572423919982552,-3.0594118,-48.79209,-15.511669,17.338398
iptv-epg_ae_2026-01-07,Instances_IPTV,-0.821524703389809,-0.9572423919982552,-3.0594118,-48.79209,-15.601246,17.27932
iptv-epg_al_2026-01-04,Instances_IPTV,0.42946203158578256,0.16159291719703028,3.7816482,28.36983,20.034916,15.150326
iptv-epg_al_2026-01-05,Instances_IPTV,0.4529860597976677,0.14986915584135896,3.9934163,28.656925,20.105505,15.121442
iptv-epg_al_2026-01-06,Instances_IPTV,-0.0010443368889669902,-0.015235005754994035,-8.490423,-11.997991,11.559262,1.3968847
iptv-epg_al_2026-01-07,Instances_IPTV,0.02902605799940383,0.010997296261235134,-12.675795,-7.782805,11.502233,1.0076952
iptv-epg_am_2026-01-04,Instances_IPTV,0.4249030614519459,-0.08623283488601885,5.394385,14.704408,17.357182,13.128995
iptv-epg_am_2026-01-05,Instances_IPTV,0.2738043333924568,-0.19577194877510917,13.751685,-11.343006,8.79663,6.398888
iptv-epg_am_2026-01-06,Instances_IPTV,-0.05510114767225016,-0.24283112364622783,-1.0832276,-12.185627,10.321299,2.7975996
iptv-epg_am_2026-01-07,Instances_IPTV,-0.021659193995619885,-0.21122973063897277,-1.3565539,-12.310847,10.472466,2.5107484
iptv-epg_ar_2026-01-04,Instances_IPTV,0.48347737850350836,0.04344736554786388,31.435863,-7.839745,6.9077797,11.083142
iptv-epg_ar_2026-01-05,Instances_IPTV,0.44905650969505706,0.1463544314075862,5.8236647,26.853344,19.877014,15.261607
iptv-epg_ar_2026-01-06,Instances_IPTV,0.12276388601202448,-0.11346065134359429,12.41105,-14.413144,8.524969,6.075347
iptv-epg_ar_2026-01-07,Instances_IPTV,0.06160261840960135,-0.0373862226068572,-9.708777,-12.271575,11.781513,1.4727066
iptv-epg_at_2026-01-04,Instances_IPTV,0.44938387291812065,0.15294208846820867,5.118077,27.974472,20.074469,15.165436
iptv-epg_at_2026-01-05,Instances_IPTV,0.45162204481285906,0.1477456482717605,5.0852165,27.522297,19.995796,15.136663
iptv-epg_at_2026-01-06,Instances_IPTV,0.036542599262329056,0.0197720459302293,-11.992946,-8.167742,11.457248,1.0002407
iptv-epg_at_2026-01-07,Instances_IPTV,0.03756636190672569,0.020489491814911998,-11.773474,-7.919682,11.52491,0.98652625
iptv-epg_au_2026-01-04,Instances_IPTV,0.60159514515837,0.002313079936044904,29.200602,1.8368002,8.686099,9.759476
iptv-epg_au_2026-01-05,Instances_IPTV,0.5973154186373425,-0.0011836967509993856,29.135155,1.817517,8.663161,9.797365
iptv-epg_au_2026-01-06,Instances_IPTV,0.38396049246322506,0.009525878528983456,17.819029,13.728402,17.057035,15.066053
iptv-epg_au_2026-01-07,Instances_IPTV,0.4366551776345816,-0.0745703241690765,30.340105,0.46765774,8.7129345,9.731405
iptv-epg_ba_2026-01-04,Instances_IPTV,0.5024648089463369,0.011063001370507308,27.20151,-6.21965,7.576695,10.030433
iptv-epg_ba_2026-01-05,Instances_IPTV,0.427429086597337,0.0793822382702053,9.432241,18.093714,17.974812,13.738599
iptv-epg_ba_2026-01-06,Instances_IPTV,0.013940334672614796,-0.030043592906055294,-7.91051,-9.427733,11.075883,1.3727398
iptv-epg_ba_2026-01-07,Instances_IPTV,0.010284125812242584,-0.028355532627430846,-7.7403727,-9.676737,11.088571,1.4670281
iptv-epg_be_2026-01-04,Instances_IPTV,0.4733832525216367,0.008476082751250558,29.651363,-7.3414335,6.8778973,10.958466
iptv-epg_be_2026-01-05,Instances_IPTV,0.4345140835265021,0.12737897912769203,5.897767,24.569592,19.269007,15.369743
iptv-epg_be_2026-01-06,Instances_IPTV,0.023271517231066352,-0.014317024973478198,-12.669638,-13.518396,12.281133,1.4709363
iptv-epg_be_2026-01-07,Instances_IPTV,0.02112660094827301,-0.01957189008962723,-12.599593,-13.263416,12.299973,1.4872154
iptv-epg_bg_2026-01-04,Instances_IPTV,0.40687003538780286,-0.013369299680385693,7.1356554,15.6334505,17.388332,13.555681
iptv-epg_bg_2026-01-05,Instances_IPTV,0.36679091713197864,-0.25381173238566923,22.359558,-5.3809476,8.181663,10.200192
iptv-epg_bg_2026-01-06,Instances_IPTV,-0.11799286634139583,-0.21779271439713943,-1.1844519,-9.985878,10.401685,2.921602
iptv-epg_bg_2026-01-07,Instances_IPTV,-0.06375196533352467,-0.13484354930534925,-2.8951163,-10.255462,10.509136,2.666583
iptv-epg_bo_2026-01-04,Instances_IPTV,0.29270053136739616,0.026233601370071136,2.392546,18.42095,18.218245,15.940565
iptv-epg_bo_2026-01-05,Instances_IPTV,0.3412733893347658,0.005814332067348604,8.280751,16.337479,17.605927,13.662011
iptv-epg_bo_2026-01-06,Instances_IPTV,-0.03386413596387161,-0.23876745638468289,9.45031,-13.804545,8.814071,5.1131315
iptv-epg_bo_2026-01-07,Instances_IPTV,-0.042737972399758295,-0.2520918525672655,8.982136,-14.388511,8.883249,5.019839
iptv-epg_br_2026-01-04,Instances_IPTV,0.45642242416084555,0.05963940469284057,30.641544,-9.768495,7.1458607,10.630387
iptv-epg_br_2026-01-05,Instances_IPTV,0.4365448510568871,0.13958680262970025,5.3863015,25.118654,19.47925,15.428659
iptv-epg_br_2026-01-06,Instances_IPTV,0.10366876456893348,-0.10546085483220591,11.404336,-15.142064,8.470614,6.1119523
iptv-epg_br_2026-01-07,Instances_IPTV,0.05666375363399345,0.011037032895996557,-9.234722,-7.57845,11.112903,0.8539606
iptv-epg_by_2026-01-04,Instances_IPTV,0.43658777819042427,0.008343314170600302,9.322456,15.241161,17.563026,13.360529
iptv-epg_by_2026-01-05,Instances_IPTV,-0.1894400386961308,-0.2907919634125852,7.9751377,-14.074691,8.894372,4.970466
iptv-epg_by_2026-01-06,Instances_IPTV,-0.821524703389809,-0.9572423919982552,-2.734179,-47.067295,-15.686591,17.322023
iptv-epg_by_2026-01-07,Instances_IPTV,-0.38072343111744694,-0.5241590224690953,5.5810194,-10.502747,9.608381,4.141944
iptv-epg_ca_2026-01-04,Instances_IPTV,0.5279065953520788,0.12504965352891517,17.107529,16.7572,17.060066,14.637634
iptv-epg_ca_2026-01-05,Instances_IPTV,0.5211361988784037,0.14159837446889134,16.962065,16.857056,17.083345,14.660016
iptv-epg_ca_2026-01-06,Instances_IPTV,0.38463272778072055,0.07513037285355739,17.371391,13.421822,17.174953,15.135601
iptv-epg_ca_2026-01-07,Instances_IPTV,0.46510461978772655,-0.044038634448455016,29.726204,-0.09582674,8.619201,9.743333
iptv-epg_ch_2026-01-04,Instances_IPTV,0.49280316412343506,0.10566243157513067,14.938162,18.082848,17.320932,14.535521
iptv-epg_ch_2026-01-05,Instances_IPTV,0.4920858924835624,0.10880196855556257,14.761123,18.192741,17.32063,14.506392
iptv-epg_ch_2026-01-06,Instances_IPTV,0.12980809267908588,-0.10547003601823302,13.0233,-14.773976,8.525879,6.0686045
iptv-epg_ch_2026-01-07,Instances_IPTV,0.04593402275492786,-0.0023907362219778294,-11.145368,-13.389213,11.9875145,1.4968143
iptv-epg_cl_2026-01-04,Instances_IPTV,0.45092784232658334,0.15512377781113962,6.6087885,26.845566,19.815908,15.14968
iptv-epg_cl_2026-01-05,Instances_IPTV,0.44674629529044074,0.1682035140506264,6.051071,28.231962,20.046902,15.212162
iptv-epg_cl_2026-01-06,Instances_IPTV,0.09985419672820395,-0.058228213793621975,12.468418,-15.40824,8.543807,6.085421
iptv-epg_cl_2026-01-07,Instances_IPTV,0.06142768148011302,0.026901911726906702,-12.66575,-9.282313,11.880666,0.96885
iptv-epg_co_2026-01-04,Instances_IPTV,0.49523597358203897,0.04589039896950209,30.568232,-8.432695,6.869265,10.913351
iptv-epg_co_2026-01-05,Instances_IPTV,0.49165144743370337,0.043666039976367754,30.866201,-7.6350374,6.854895,11.142352
iptv-epg_co_2026-01-06,Instances_IPTV,0.09557196504743892,-0.00967760680805263,-10.776308,-10.813038,11.783081,0.5876711
iptv-epg_co_2026-01-07,Instances_IPTV,0.03902679062707681,-0.04262984973110062,-7.3729687,-9.08931,10.989015,1.4065185
iptv-epg_cr_2026-01-04,Instances_IPTV,0.45759741568380974,-0.04316690554789182,28.235573,-5.6673126,7.5673876,10.429941
iptv-epg_cr_2026-01-05,Instances_IPTV,0.44040924642109125,-0.08623634404549618,27.179773,-3.9037044,7.816856,10.478741
iptv-epg_cr_2026-01-06,Instances_IPTV,-0.07643207221177928,-0.2694661400685542,8.966164,-13.063656,8.943021,5.0119414
iptv-epg_cr_2026-01-07,Instances_IPTV,-0.03149189245162398,-0.2371262903632282,9.369244,-14.206779,8.816998,5.127195
iptv-epg_cz_2026-01-04,Instances_IPTV,0.44305229484841846,0.05305016972244947,10.729963,17.389599,17.610968,13.830221
iptv-epg_cz_2026-01-05,Instances_IPTV,0.4398665283188298,0.05451252355528069,10.584146,17.498104,17.681097,13.86561
iptv-epg_cz_2026-01-06,Instances_IPTV,0.11973201728296623,-0.10839179052934422,-10.675858,-17.8633,12.27338,2.8799925
iptv-epg_cz_2026-01-07,Instances_IPTV,0.05463200718951344,-0.188213351253964,-9.160398,-17.88466,12.0006895,2.7095237
iptv-epg_de_2026-01-04,Instances_IPTV,0.465263404001811,0.1241733832771823,14.140489,16.793976,17.516516,14.637399
iptv-epg_de_2026-01-05,Instances_IPTV,0.4436642639960132,0.08263647886221004,12.781025,17.047739,17.521524,14.144535
iptv-epg_de_2026-01-06,Instances_IPTV,0.3665104053103513,0.07369728132844655,4.2372136,18.556215,17.743387,15.5335245
iptv-epg_de_2026-01-07,Instances_IPTV,0.43109345697670143,0.11510322867584954,13.794728,16.333628,17.595043,15.060966
iptv-epg_dk_2026-01-04,Instances_IPTV,0.3654052260427928,0.10056609640965641,3.6627252,18.679703,17.940487,15.742882
iptv-epg_dk_2026-01-05,Instances_IPTV,0.34968454754213185,0.05788545818476698,3.6522799,18.04056,17.883257,15.720435
iptv-epg_dk_2026-01-06,Instances_IPTV,-0.016406521225375004,0.02791609175612897,-15.534251,-11.815448,12.425145,1.3629588
iptv-epg_dk_2026-01-07,Instances_IPTV,-0.0131919082679266,0.021308855886573164,-15.456203,-12.055364,12.393882,1.3314552
iptv-epg_do_2026-01-04,Instances_IPTV,0.16503029012625003,-0.1643869044672467,13.195532,-12.274394,8.790339,6.385791
iptv-epg_do_2026-01-05,Instances_IPTV,0.3996579147585405,-0.14781650830128212,26.263302,-3.4239266,7.889635,10.440667
iptv-epg_do_2026-01-06,Instances_IPTV,-0.06372704732755208,-0.33662072516359653,8.180579,-12.874607,9.058053,4.830682
iptv-epg_do_2026-01-07,Instances_IPTV,-0.045967835346831354,-0.2990435564581446,8.483894,-13.58553,8.977217,4.90442
iptv-epg_ec_2026-01-04,Instances_IPTV,0.5382759379034013,-0.005963730824847802,28.045855,-8.053039,7.138836,10.161614
iptv-epg_ec_2026-01-05,Instances_IPTV,0.5453797222756279,-0.004571600186537683,27.979065,-8.257452,7.1149426,10.157645
iptv-epg_ec_2026-01-06,Instances_IPTV,0.08221759784809202,-0.01825928572358637,-8.114838,-7.158341,10.815317,0.9233492
iptv-epg_ec_2026-01-07,Instances_IPTV,0.05236734924941955,-0.05307451360340831,-6.713187,-7.947143,10.781989,1.248343
iptv-epg_eg_2026-01-04,Instances_IPTV,-0.821524703389809,-0.9572423919982552,-3.0594118,-48.79209,-15.53257,17.316652
iptv-epg_eg_2026-01-05,Instances_IPTV,-0.821524703389809,-0.9572423919982552,-3.0594118,-48.79209,-15.641879,17.357069
iptv-epg_eg_2026-01-06,Instances_IPTV,-0.821524703389809,-0.9572423919982552,-2.734179,-47.067295,-15.513746,17.460238
iptv-epg_eg_2026-01-07,Instances_IPTV,-0.821524703389809,-0.9572423919982552,-2.734179,-47.067295,-15.747019,17.477324
iptv-epg_es_2026-01-04,Instances_IPTV,0.46612127776191536,0.13649467866727294,15.542081,16.972038,17.149286,14.639094
iptv-epg_es_2026-01-05,Instances_IPTV,0.46371122169260925,0.03340374393016032,29.937548,-2.1036654,8.169204,9.8826
iptv-epg_es_2026-01-06,Instances_IPTV,0.13093887326495623,-0.11883496985856346,13.945373,-15.525374,8.651314,5.9568987
iptv-epg_es_2026-01-07,Instances_IPTV,0.1303342954788046,0.0400969417443513,-13.997439,-18.684584,12.630418,2.5130188
iptv-epg_fi_2026-01-04,Instances_IPTV,0.45182614596332893,0.02257231306473184,30.73615,-4.845882,7.359898,10.696124
iptv-epg_fi_2026-01-05,Instances_IPTV,0.48669975528544207,0.06712382484884294,31.42148,-6.0649915,7.0964227,10.875795
iptv-epg_fi_2026-01-06,Instances_IPTV,0.03618195078570974,-0.04274231379851101,-10.644282,-12.584353,11.937061,1.4597969
iptv-epg_fi_2026-01-07,Instances_IPTV,0.027596567750155065,-0.0940969769832466,-9.911002,-14.87561,12.002695,2.1812327
iptv-epg_fr_2026-01-04,Instances_IPTV,0.4449495175141297,0.11362287106520452,15.35351,16.81752,17.26446,14.694398
iptv-epg_fr_2026-01-05,Instances_IPTV,0.45635670575719944,0.04771122692898,30.00763,-2.5824058,7.9803467,9.938605
iptv-epg_fr_2026-01-06,Instances_IPTV,0.09467876689370314,-0.030442690415533824,-13.575675,-18.979307,12.617065,2.6215403
iptv-epg_fr_2026-01-07,Instances_IPTV,0.08988321333284544,-0.02172140421491464,-13.628932,-18.971464,12.644964,2.5984592
iptv-epg_gb_2026-01-04,Instances_IPTV,0.5374259987697584,0.10756597997483297,17.816753,15.671225,16.906898,14.733362
iptv-epg_gb_2026-01-05,Instances_IPTV,0.5274364500539875,0.11519126816202019,17.732368,15.758866,16.84866,14.781247
iptv-epg_gb_2026-01-06,Instances_IPTV,0.4944470895041605,-0.01825609806125361,29.608276,0.9511472,8.724047,9.657376
iptv-epg_gb_2026-01-07,Instances_IPTV,0.45511259299942053,-0.04063630298768173,29.962887,0.67013174,8.676355,9.691692
iptv-epg_ge_2026-01-04,Instances_IPTV,0.20550382950245794,-0.3207853870559346,10.347434,7.0944242,16.533321,12.451751
iptv-epg_ge_2026-01-05,Instances_IPTV,0.14692617997291557,-0.200265172407593,10.795907,7.5059147,16.512075,12.524207
iptv-epg_ge_2026-01-06,Instances_IPTV,-0.36224959735842177,-0.3935334306324886,3.7010567,-8.623441,9.879629,3.8201332
iptv-epg_ge_2026-01-07,Instances_IPTV,-0.3625180629853716,-0.4037608007421679,3.6496336,-8.663696,9.860737,3.810281
iptv-epg_gh_2026-01-04,Instances_IPTV,0.47428940034567957,0.022474892911687472,32.62893,-5.455078,7.210186,11.036699
iptv-epg_gh_2026-01-05,Instances_IPTV,0.4693731327542957,0.17397490112636382,6.7703457,29.395496,19.915356,14.965451
iptv-epg_gh_2026-01-06,Instances_IPTV,0.04315227254052478,0.07424056136374557,-15.112742,-10.189981,12.186049,1.05574
iptv-epg_gh_2026-01-07,Instances_IPTV,0.10103583154692575,0.02433663084252835,-13.59717,-12.484039,12.561623,1.3676641
iptv-epg_gr_2026-01-04,Instances_IPTV,0.49480691378284447,0.000958075185124807,16.030329,14.758519,16.898186,14.574457
iptv-epg_gr_2026-01-05,Instances_IPTV,0.4480419955701024,-0.023800001252400338,15.878925,14.60314,16.834091,14.437455
iptv-epg_gr_2026-01-06,Instances_IPTV,-0.022728000657664227,-0.2492236244967423,10.366137,-11.694178,8.85277,5.513926
iptv-epg_gr_2026-01-07,Instances_IPTV,-0.03340695321845866,-0.1043295991669968,-8.7291355,-15.509496,12.109294,2.2081687
iptv-epg_gt_2026-01-04,Instances_IPTV,0.44193855051702113,0.13447927196824017,5.5512805,26.361437,19.75502,15.35742
iptv-epg_gt_2026-01-05,Instances_IPTV,0.4954606327442074,0.023388157628324024,30.797512,-6.933532,6.8932123,11.152386
iptv-epg_gt_2026-01-06,Instances_IPTV,0.06108440685308447,-0.05410874423989931,-10.218986,-12.841288,11.8725195,1.5538434
iptv-epg_gt_2026-01-07,Instances_IPTV,0.09283156474611876,-0.027923494025424045,-10.99531,-11.396716,11.837351,0.6458753
iptv-epg_hk_2026-01-04,Instances_IPTV,0.47742798926066576,0.1392976413126359,7.5366454,25.919153,19.514112,14.887641
iptv-epg_hk_2026-01-05,Instances_IPTV,0.4646827516093751,0.09087442184981964,10.933341,24.791494,18.824438,14.075723
iptv-epg_hk_2026-01-06,Instances_IPTV,0.1736774725385163,-0.04966917336244758,-12.225484,-17.478386,12.358472,2.8750007
iptv-epg_hk_2026-01-07,Instances_IPTV,0.13497749796704883,-0.07924133310743797,-11.484193,-17.744802,12.229085,3.0055258
iptv-epg_hn_2026-01-04,Instances_IPTV,0.4791091463386229,0.041315419201853776,31.704424,-7.2279267,6.984773,11.175066
iptv-epg_hn_2026-01-05,Instances_IPTV,0.44885858644452614,0.14873386610809924,5.4728494,27.237955,19.8363,15.294717
iptv-epg_hn_2026-01-06,Instances_IPTV,0.0653167804663004,-0.13043329557619088,11.819464,-13.882509,8.532543,5.953433
iptv-epg_hn_2026-01-07,Instances_IPTV,0.06467623860088967,0.006509444942836118,-11.939318,-9.365094,11.686905,0.8683061
iptv-epg_hr_2026-01-04,Instances_IPTV,0.4791571209825424,0.10733429853937371,13.845436,18.36219,17.493423,14.3539915
iptv-epg_hr_2026-01-05,Instances_IPTV,0.4197188223606295,0.10753397330294323,5.118544,22.768753,19.012403,15.511455
iptv-epg_hr_2026-01-06,Instances_IPTV,-0.0038195284203216273,-0.17226347046004076,10.659559,-13.561776,8.7855215,5.521979
iptv-epg_hr_2026-01-07,Instances_IPTV,0.0801077853900658,-0.11039874157054319,11.759358,-14.911157,8.551274,6.047517
iptv-epg_hu_2026-01-04,Instances_IPTV,0.4615533372752664,0.11735343587381131,7.7611575,23.019114,19.100397,14.780445
iptv-epg_hu_2026-01-05,Instances_IPTV,0.46883496698620386,0.11320313400703008,8.011936,23.313173,19.170778,14.796624
iptv-epg_hu_2026-01-06,Instances_IPTV,0.04484113308208748,-0.057924727714398716,-7.514819,-8.754487,11.006437,1.3990712
iptv-epg_hu_2026-01-07,Instances_IPTV,0.07226639100683518,-0.0060455055773666055,-10.003174,-8.62892,11.439363,0.6754615
iptv-epg_id_2026-01-04,Instances_IPTV,-0.821524703389809,-0.9572423919982552,-2.734179,-47.067295,-15.637609,17.40327
iptv-epg_id_2026-01-05,Instances_IPTV,-0.821524703389809,-0.9572423919982552,-3.0594118,-48.79209,-15.616591,17.227072
iptv-epg_id_2026-01-06,Instances_IPTV,-0.821524703389809,-0.9572423919982552,-3.0594118,-48.79209,-15.721436,17.479979
iptv-epg_id_2026-01-07,Instances_IPTV,-0.821524703389809,-0.9572423919982552,-3.0594118,-48.79209,-15.457609,17.534163
iptv-epg_il_2026-01-04,Instances_IPTV,0.2513480499408248,-0.13967897947798058,9.458853,10.541886,17.004652,12.800211
iptv-epg_il_2026-01-05,Instances_IPTV,0.28212098181674394,-0.1516380070083142,9.476087,10.552807,16.98361,12.75226
iptv-epg_il_2026-01-06,Instances_IPTV,-0.21467150345349206,-0.4951500369840779,5.968464,-11.311847,9.4610815,4.3087916
iptv-epg_il_2026-01-07,Instances_IPTV,-0.2521457855726884,-0.3817231509048403,1.6395833,-10.251901,10.038642,3.3657532
iptv-epg_in_2026-01-04,Instances_IPTV,0.2486330042055792,-0.19592726462430965,-3.0409842,-7.673757,11.12443,2.5730472
iptv-epg_in_2026-01-05,Instances_IPTV,0.5594328062193009,-0.23676523974592467,7.7765164,10.35018,17.098606,12.847099
iptv-epg_in_2026-01-06,Instances_IPTV,-0.11275809103947543,-0.36929337390753514,1.1442928,-11.706688,10.108985,3.2224128
iptv-epg_in_2026-01-07,Instances_IPTV,-0.1125709993952343,-0.368297925985668,1.1445613,-11.709141,10.134958,3.1914384
iptv-epg_is_2026-01-04,Instances_IPTV,0.4716909308387921,0.11530769005669783,10.322679,23.672178,18.872192,14.330668
iptv-epg_is_2026-01-05,Instances_IPTV,0.5065889592294189,0.1587641278009817,9.410788,24.597818,19.31327,14.47609
iptv-epg_is_2026-01-06,Instances_IPTV,0.11319027441330509,-0.015830290207130226,-11.190272,-19.454918,12.488548,2.6581957
iptv-epg_is_2026-01-07,Instances_IPTV,0.10240872116974442,-0.0714109294539701,-10.732452,-19.387857,12.439724,2.7367554
iptv-epg_it_2026-01-04,Instances_IPTV,0.5727776391003147,-0.05105628871739831,30.01709,1.5940868,8.708201,9.732922
iptv-epg_it_2026-01-05,Instances_IPTV,0.5759240996068585,-0.04880319765385632,29.962067,1.6013674,8.766862,9.705759
iptv-epg_it_2026-01-06,Instances_IPTV,0.37062297193920657,-0.09399589807655984,30.645685,0.61539274,8.714962,9.710858
iptv-epg_it_2026-01-07,Instances_IPTV,0.43339513772078864,0.010417369848298219,18.234833,14.676623,16.823841,14.833209
iptv-epg_jp_2026-01-04,Instances_IPTV,0.28256758292016626,-0.2568338291962211,10.003959,7.9979024,16.617273,12.530842
iptv-epg_jp_2026-01-05,Instances_IPTV,0.2956587061786854,-0.34675828983826373,9.70249,7.934799,16.607624,12.491925
iptv-epg_jp_2026-01-06,Instances_IPTV,-0.26553575641672966,-0.41730853863151374,2.0702062,-10.077317,9.995766,3.427404
iptv-epg_jp_2026-01-07,Instances_IPTV,-0.29370862879312976,-0.4632287814836781,2.3583827,-9.852992,9.979728,3.4859097
iptv-epg_kr_2026-01-04,Instances_IPTV,0.39280709450958906,-0.13349324589342448,9.107684,11.129417,17.013136,12.779757
iptv-epg_kr_2026-01-05,Instances_IPTV,0.4180414876285917,-0.08749008488532994,9.2187805,11.66237,17.098022,12.850309
iptv-epg_kr_2026-01-06,Instances_IPTV,-0.10919907602829804,-0.21009549848785203,-1.593587,-11.014102,10.434501,2.655929
iptv-epg_kr_2026-01-07,Instances_IPTV,-0.10320042234033489,-0.2209249619798893,-1.5669672,-11.003078,10.4034605,2.7101934
iptv-epg_lb_2026-01-04,Instances_IPTV,-0.821524703389809,-0.9572423919982552,-3.0594118,-48.79209,-15.414258,17.538397
iptv-epg_lb_2026-01-05,Instances_IPTV,-0.821524703389809,-0.9572423919982552,-3.0594118,-48.79209,-15.786979,17.435398
iptv-epg_lb_2026-01-06,Instances_IPTV,-0.821524703389809,-0.9572423919982552,-3.0594118,-48.79209,-15.518367,17.4147
iptv-epg_lb_2026-01-07,Instances_IPTV,-0.821524703389809,-0.9572423919982552,-3.0594118,-48.79209,-15.694535,17.225796
iptv-epg_lt_2026-01-04,Instances_IPTV,0.5848104351665245,0.10862984075931759,11.960136,22.70371,18.56185,14.391253
iptv-epg_lt_2026-01-05,Instances_IPTV,0.535485055637874,0.07890645767601501,11.857475,22.821339,18.545197,14.360356
iptv-epg_lt_2026-01-06,Instances_IPTV,0.07570719379640933,-0.033277202592937316,-6.677053,-6.315247,10.788954,1.0977815
iptv-epg_lt_2026-01-07,Instances_IPTV,0.05922388395257838,-0.013967455067372736,-6.794519,-6.203222,10.825595,1.1849594
iptv-epg_lu_2026-01-04,Instances_IPTV,0.5069787431604617,0.042440015908473794,28.937155,-9.814515,6.840911,10.479253
iptv-epg_lu_2026-01-05,Instances_IPTV,0.5105421550304076,0.06686587077267225,29.3014,-10.645573,6.9272623,10.499222
iptv-epg_lu_2026-01-06,Instances_IPTV,0.16500408363068064,-0.02686641907231535,-12.292566,-16.693867,12.292318,2.898815
iptv-epg_lu_2026-01-07,Instances_IPTV,0.12160779192682247,-0.06454241074551303,-11.375298,-16.342117,12.079611,2.9012144
iptv-epg_me_2026-01-04,Instances_IPTV,0.5034152776092219,0.09609863975227917,13.42692,19.041788,17.601965,14.320415
iptv-epg_me_2026-01-05,Instances_IPTV,0.479493917387089,0.1158094780214527,12.755303,19.095951,17.748436,14.304498
iptv-epg_me_2026-01-06,Instances_IPTV,0.0038632122545827485,-0.1651134693914651,10.738971,-13.862791,8.749538,5.5843067
iptv-epg_me_2026-01-07,Instances_IPTV,-0.01752392453980045,-0.06314389242276519,-7.1885166,-11.0349,11.095979,1.7887045
iptv-epg_mk_2026-01-04,Instances_IPTV,0.4491796569052525,0.05356387891294778,11.253613,16.96495,17.566948,13.885343
iptv-epg_mk_2026-01-05,Instances_IPTV,0.3903080839768033,0.011856948639004883,10.972069,15.890014,17.384415,13.737439
iptv-epg_mk_2026-01-06,Instances_IPTV,-0.024924564738627697,-0.008691996118164513,-15.559762,-13.135385,12.330996,1.4408231
iptv-epg_mk_2026-01-07,Instances_IPTV,-0.04948898149777836,-0.1988719288617693,10.269821,-12.776507,8.889637,5.452757
iptv-epg_mt_2026-01-04,Instances_IPTV,0.5390034720229103,-0.0006638265340684901,27.744965,-10.123292,6.8418984,10.296386
iptv-epg_mt_2026-01-05,Instances_IPTV,0.5098981976452489,0.10797461426449773,10.267225,22.620121,18.795448,14.472815
iptv-epg_mt_2026-01-06,Instances_IPTV,0.06558689474262402,0.0040041455099394385,-7.9537206,-6.3306494,10.791342,0.9111672
iptv-epg_mt_2026-01-07,Instances_IPTV,0.07971145068330654,0.006823013267058253,-8.304869,-6.4701285,10.85532,0.8747139
iptv-epg_mx_2026-01-04,Instances_IPTV,0.45436640630012326,0.13386415364619064,6.809258,26.140026,19.65152,15.16517
iptv-epg_mx_2026-01-05,Instances_IPTV,0.47432166614384863,0.02071692408045589,30.294302,-7.779861,6.828359,11.059475
iptv-epg_mx_2026-01-06,Instances_IPTV,0.029283888373356937,-0.0324008563951903,-9.137772,-11.794016,11.61991,1.5153173
iptv-epg_mx_2026-01-07,Instances_IPTV,0.055095876204333205,-0.0014741726834665014,-11.11556,-8.325792,11.458192,0.8868596
iptv-epg_my_2026-01-04,Instances_IPTV,0.47717937007683286,0.1580353527506959,6.4428096,27.564318,19.932642,15.081015
iptv-epg_my_2026-01-05,Instances_IPTV,0.4733840189521662,0.15641247635017996,7.085645,26.987604,19.773933,14.97871
iptv-epg_my_2026-01-06,Instances_IPTV,0.11883987596493484,-0.09708013187874687,12.3591585,-14.826847,8.52468,6.079622
iptv-epg_my_2026-01-07,Instances_IPTV,0.09034881696697517,0.004357984789432279,-12.046112,-10.517428,11.920538,0.7745975
iptv-epg_ng_2026-01-04,Instances_IPTV,0.5243615701688426,0.04761433408119242,32.060104,-8.694861,7.053494,11.061319
iptv-epg_ng_2026-01-05,Instances_IPTV,0.47663943511724816,0.18248612131559727,7.326869,28.619602,19.882034,14.9808235
iptv-epg_ng_2026-01-06,Instances_IPTV,0.03859677912413484,0.07190496394880197,-14.970221,-9.817127,12.12492,1.05248
iptv-epg_ng_2026-01-07,Instances_IPTV,0.09083036692150936,0.032416962871167465,-13.95897,-12.537817,12.535257,1.3569361
iptv-epg_ni_2026-01-04,Instances_IPTV,-0.821524703389809,-0.9572423919982552,-3.0594118,-48.79209,-15.51095,17.462551
iptv-epg_ni_2026-01-05,Instances_IPTV,-0.821524703389809,-0.9572423919982552,-2.734179,-47.067295,-15.472808,17.348223
iptv-epg_ni_2026-01-06,Instances_IPTV,-0.821524703389809,-0.9572423919982552,-2.734179,-47.067295,-15.587482,17.454908
iptv-epg_ni_2026-01-07,Instances_IPTV,-0.821524703389809,-0.9572423919982552,-2.734179,-47.067295,-15.607521,17.378582
iptv-epg_nl_2026-01-04,Instances_IPTV,0.42846464177281185,0.13606345640168138,6.4731474,23.497759,19.050436,15.165999
iptv-epg_nl_2026-01-05,Instances_IPTV,0.4607439440509896,0.0411876238302723,29.742182,-10.210543,6.987606,10.485097
iptv-epg_nl_2026-01-06,Instances_IPTV,0.08196149185899337,-0.0018273481434958327,-10.602816,-9.962268,11.639047,0.5927393
iptv-epg_nl_2026-01-07,Instances_IPTV,0.019699051074978047,-0.02771143419252975,-8.366153,-9.472879,11.069021,1.4491268
iptv-epg_no_2026-01-04,Instances_IPTV,0.46874390407062705,-0.011497440751175536,27.821302,-4.8322883,7.7987986,10.185636
iptv-epg_no_2026-01-05,Instances_IPTV,0.40929649457438855,0.05782874833232665,9.228487,16.663898,17.849096,13.467724
iptv-epg_no_2026-01-06,Instances_IPTV,-0.049617394068978804,-0.08732022193355626,-4.300505,-10.364829,10.600025,2.2853951
iptv-epg_no_2026-01-07,Instances_IPTV,-0.04628197394589684,-0.14633569849094785,-2.7175643,-10.029568,10.546554,2.602995
iptv-epg_nz_2026-01-04,Instances_IPTV,0.5621835215360161,0.1019633427772979,16.876024,18.069008,17.14037,14.579665
iptv-epg_nz_2026-01-05,Instances_IPTV,0.579236200463569,0.09240851065710953,16.912756,18.271322,17.116875,14.565465
iptv-epg_nz_2026-01-06,Instances_IPTV,0.4424936864826433,0.02227444486610708,17.841702,13.367794,17.14407,15.127127
iptv-epg_nz_2026-01-07,Instances_IPTV,0.44566235792102027,-0.04582643415027343,29.529852,-1.1836491,8.22625,9.848287
iptv-epg_pa_2026-01-04,Instances_IPTV,0.46228776903898827,-0.03936062997206102,29.49002,-5.7844453,7.598857,10.744267
iptv-epg_pa_2026-01-05,Instances_IPTV,0.20370951303034956,-0.03680499718118535,1.7881062,17.795303,18.09286,16.00825
iptv-epg_pa_2026-01-06,Instances_IPTV,0.011080813062032346,-0.19876701007017616,10.062702,-14.563169,8.80032,5.178269
iptv-epg_pa_2026-01-07,Instances_IPTV,-0.038738153853691615,-0.2454436033326548,9.480023,-13.586067,8.787537,5.1485424
iptv-epg_pe_2026-01-04,Instances_IPTV,0.4945317475333587,0.041248718100670434,31.106909,-8.13552,6.822686,11.116137
iptv-epg_pe_2026-01-05,Instances_IPTV,0.4733439548724673,-0.0026671243021557656,30.072906,-5.901694,7.4140496,10.85648
iptv-epg_pe_2026-01-06,Instances_IPTV,0.07293126027856578,0.014281892027249388,-10.42552,-8.219483,11.326336,0.7370388
iptv-epg_pe_2026-01-07,Instances_IPTV,0.11534025605827825,-0.006391576032281354,-11.590278,-11.372259,11.966384,0.68894064
iptv-epg_pl_2026-01-04,Instances_IPTV,0.5217761841173539,0.11551911283995042,12.818909,20.7759,17.942106,14.2804
iptv-epg_pl_2026-01-05,Instances_IPTV,0.5340206839944056,0.11360041849552815,12.746412,21.060425,18.12552,14.352237
iptv-epg_pl_2026-01-06,Instances_IPTV,0.1664046998064207,-0.1130272134200263,12.748115,-13.9388,8.543867,6.0714526
iptv-epg_pl_2026-01-07,Instances_IPTV,0.12225511672192779,-0.0007479386663699072,-11.031164,-10.437179,11.823238,0.5387796
iptv-epg_pt_2026-01-04,Instances_IPTV,0.5356468605790873,0.005344947853039073,26.96156,-7.806768,7.2723856,10.059923
iptv-epg_pt_2026-01-05,Instances_IPTV,0.5285648930428603,0.015462590348439553,27.330788,-7.9992976,7.3067436,10.173083
iptv-epg_pt_2026-01-06,Instances_IPTV,0.0883072697206192,0.023456571319842134,-10.350293,-8.982078,11.424695,0.6359092
iptv-epg_pt_2026-01-07,Instances_IPTV,0.08796796142249241,-0.12237456401474978,11.4555235,-14.251491,8.570729,6.083961
iptv-epg_py_2026-01-04,Instances_IPTV,0.456284074861082,0.030511264725510245,32.40363,-6.8311567,6.9399977,11.206084
iptv-epg_py_2026-01-05,Instances_IPTV,0.43214289537807893,0.15990539210790766,4.931494,28.768381,20.136276,15.097317
iptv-epg_py_2026-01-06,Instances_IPTV,0.04072315803961668,-0.02650282128059611,-12.5243025,-13.866164,12.364341,1.598728
iptv-epg_py_2026-01-07,Instances_IPTV,0.08574468518696687,0.03145164232288711,-13.879067,-13.490326,12.528932,1.466454
iptv-epg_ro_2026-01-04,Instances_IPTV,0.46539857571614884,0.13422808741657866,7.7214966,24.858019,19.381502,14.803576
iptv-epg_ro_2026-01-05,Instances_IPTV,0.4849716218250527,0.017280939605649803,29.70874,-8.80567,6.755189,10.750887
iptv-epg_ro_2026-01-06,Instances_IPTV,-0.010963198589364787,-0.049111514217992536,-6.2155876,-9.962766,10.837296,1.8359661
iptv-epg_ro_2026-01-07,Instances_IPTV,0.021365226073918442,-0.0006666291867081231,-8.71535,-8.899438,11.074697,1.5154958
iptv-epg_rs_2026-01-04,Instances_IPTV,0.5010905950961254,0.10860153444414511,13.409535,19.08556,17.617828,14.269104
iptv-epg_rs_2026-01-05,Instances_IPTV,0.4790437159905375,0.10471503087507905,12.7136965,19.578249,17.774004,14.3645315
iptv-epg_rs_2026-01-06,Instances_IPTV,0.12205997992691664,-0.07018191411805375,-11.13455,-18.034983,12.357955,2.9172451
iptv-epg_rs_2026-01-07,Instances_IPTV,0.11202042210505891,-0.07234293301258699,-10.766002,-17.473766,12.253873,2.8140972
iptv-epg_ru_2026-01-04,Instances_IPTV,0.48986016652921915,-0.03280821506854881,28.345037,-4.3656993,7.800745,10.285715
iptv-epg_ru_2026-01-05,Instances_IPTV,0.45468993078306796,0.08184701670735095,11.382979,17.517277,17.605394,13.920521
iptv-epg_ru_2026-01-06,Instances_IPTV,0.06503861273696365,-0.09062372532890173,-10.000349,-16.4077,12.096982,2.603602
iptv-epg_ru_2026-01-07,Instances_IPTV,0.11849855976540569,-0.08155275379764293,-10.986946,-16.931236,12.27399,2.9032135
iptv-epg_sa_2026-01-04,Instances_IPTV,0.16349096740371238,-0.4829525686290591,10.272793,5.4736915,16.384254,12.258223
iptv-epg_sa_2026-01-05,Instances_IPTV,0.1377696324352723,-0.4760794805580765,10.272727,5.4730234,16.398443,12.281224
iptv-epg_sa_2026-01-06,Instances_IPTV,-0.30897584721454585,-0.4058624796946144,4.5422544,-8.501814,9.764606,3.9467378
iptv-epg_sa_2026-01-07,Instances_IPTV,-0.27511636466783806,-0.4942312468465265,5.4055595,-8.529609,9.769465,4.0072703
iptv-epg_se_2026-01-04,Instances_IPTV,0.4587890131521818,-0.03310843695040255,28.176218,-4.8734846,7.755064,10.327682
iptv-epg_se_2026-01-05,Instances_IPTV,0.423826805632488,0.08653858435262562,9.133012,18.32461,17.997555,13.691496
iptv-epg_se_2026-01-06,Instances_IPTV,0.07041810459026299,-0.08909657775999469,-9.856239,-16.859102,12.122098,2.607898
iptv-epg_se_2026-01-07,Instances_IPTV,0.05220455842472704,-0.13045662990478668,-9.128031,-17.179962,12.1539755,2.5507317
iptv-epg_sg_2026-01-04,Instances_IPTV,0.32959449517569983,0.07706284019966947,2.463865,21.273874,18.567947,15.744618
iptv-epg_sg_2026-01-05,Instances_IPTV,0.3259026268528008,0.35556535049177773,1.0152568,24.900162,19.021051,15.278326
iptv-epg_sg_2026-01-06,Instances_IPTV,0.08939713001477656,0.0408938752818403,-10.388888,-7.1949687,11.277471,0.65182173
iptv-epg_sg_2026-01-07,Instances_IPTV,0.06677728066861088,-0.01823957085667738,-8.26302,-8.514811,10.975741,1.3247029
iptv-epg_si_2026-01-04,Instances_IPTV,0.4715758133802782,0.1387450028746653,8.156181,27.306015,19.631319,15.099552
iptv-epg_si_2026-01-05,Instances_IPTV,0.303676167510352,0.06578062219212844,1.9442135,19.087713,18.218494,15.997449
iptv-epg_si_2026-01-06,Instances_IPTV,-0.4484637918231017,-0.6372781574348778,6.6551476,-8.017884,9.6868105,4.1030307
iptv-epg_si_2026-01-07,Instances_IPTV,-0.4484637918231017,-0.6372781574348778,6.6551476,-8.017884,9.653605,4.144365
iptv-epg_sv_2026-01-04,Instances_IPTV,0.4749424803907477,0.03859884895549859,31.279854,-7.210469,6.7845383,11.235507
iptv-epg_sv_2026-01-05,Instances_IPTV,0.49595213935505666,0.02440112962840968,30.242327,-6.988868,6.924808,11.018707
iptv-epg_sv_2026-01-06,Instances_IPTV,0.03813074917114534,-0.04539518680405841,-8.3958,-10.307057,11.196635,1.3582478
iptv-epg_sv_2026-01-07,Instances_IPTV,0.062221529998588654,-0.0017216212453854407,-11.128924,-8.791753,11.481146,0.83056384
iptv-epg_th_2026-01-04,Instances_IPTV,0.4316776286613372,0.03178028815941347,9.43967,14.203425,17.489395,13.031846
iptv-epg_th_2026-01-05,Instances_IPTV,0.45493825060086845,-0.010727480079217089,9.658004,14.707185,17.520163,13.248304
iptv-epg_th_2026-01-06,Instances_IPTV,0.01493590622696861,-0.09019480357316345,-5.5160117,-9.1910925,10.671602,1.9401411
iptv-epg_th_2026-01-07,Instances_IPTV,-0.013813680336911882,-0.13177516655864796,-4.4541354,-9.699784,10.648572,2.2493339
iptv-epg_tr_2026-01-04,Instances_IPTV,0.5196554847041014,0.1093025453395573,11.972695,20.168333,17.889517,14.3175335
iptv-epg_tr_2026-01-05,Instances_IPTV,0.5314709417637532,0.012985355437681534,26.26514,-6.62305,7.54864,9.978278
iptv-epg_tr_2026-01-06,Instances_IPTV,0.1461623258217717,-0.09005447910387376,-11.496007,-17.282072,12.222112,2.9117615
iptv-epg_tr_2026-01-07,Instances_IPTV,0.14555130441601583,-0.07350899306927294,-11.785738,-18.718842,12.489542,2.8801231
iptv-epg_tw_2026-01-04,Instances_IPTV,0.44492991023814754,-0.02335912238698079,9.635928,13.1184845,17.336027,12.9737
iptv-epg_tw_2026-01-05,Instances_IPTV,0.4878552241793922,0.004286680913239138,10.082718,14.064425,17.570944,13.164121
iptv-epg_tw_2026-01-06,Instances_IPTV,0.04897078941761346,-0.1603539630437807,-3.0631976,-8.938334,10.895806,2.5685446
iptv-epg_tw_2026-01-07,Instances_IPTV,0.01921724643874556,-0.20591452284317158,-2.7547278,-9.116841,10.771337,2.6417503
iptv-epg_ua_2026-01-04,Instances_IPTV,0.46243994917900666,-0.028120689663963305,28.86502,-5.533546,7.6047487,10.551091
iptv-epg_ua_2026-01-05,Instances_IPTV,0.10822324111614468,-0.28249535290519856,11.917965,-11.91248,8.754336,5.9243245
iptv-epg_ua_2026-01-06,Instances_IPTV,-0.1469126126909387,-0.37294294879609224,6.9876676,-11.297772,9.3359785,4.551829
iptv-epg_ua_2026-01-07,Instances_IPTV,-0.1477240918390781,-0.21225352322984292,-0.9802765,-9.379803,10.435166,2.958517
iptv-epg_ug_2026-01-04,Instances_IPTV,0.4451642311763241,0.12828080491102845,7.3211327,30.162577,19.859743,14.7334385
iptv-epg_ug_2026-01-05,Instances_IPTV,0.4525435875180629,0.16524994499296275,6.380522,29.857897,19.973299,14.92644
iptv-epg_ug_2026-01-06,Instances_IPTV,0.042715525044870084,0.10308973348740014,-15.424023,-9.746593,12.148005,1.0820675
iptv-epg_ug_2026-01-07,Instances_IPTV,0.1016863740820172,0.054526849128043176,-14.170264,-13.163152,12.61036,1.429322
iptv-epg_us_2026-01-04,Instances_IPTV,0.3469523754586047,0.27843662496480515,22.650743,3.123002,9.12311,8.534512
iptv-epg_us_2026-01-05,Instances_IPTV,0.36458414643371195,0.3971082110894433,22.330725,3.5461628,9.093888,8.485427
iptv-epg_us_2026-01-06,Instances_IPTV,0.3514884685504748,0.20341479603094292,22.619284,3.076864,9.15611,8.5585785
iptv-epg_us_2026-01-07,Instances_IPTV,0.3932294469315515,0.2720645698516082,22.61333,3.1459234,9.120994,8.513121
iptv-epg_uy_2026-01-04,Instances_IPTV,0.4491868964024702,0.016093980708679734,30.828337,-5.422241,7.36662,10.742966
iptv-epg_uy_2026-01-05,Instances_IPTV,0.4564020249999451,0.14059043741227706,6.064613,25.878326,19.635439,15.342765
iptv-epg_uy_2026-01-06,Instances_IPTV,0.08812219517433761,0.0376288478950455,-14.0499735,-11.831925,12.437119,1.2387724
iptv-epg_uy_2026-01-07,Instances_IPTV,0.04417553738581359,-0.015281177661756074,-9.119741,-9.979626,11.199453,1.3895224
iptv-epg_ve_2026-01-04,Instances_IPTV,0.36382274995111297,-0.13179393674600415,26.394915,-3.2438762,7.8695207,10.485734
iptv-epg_ve_2026-01-05,Instances_IPTV,0.1952739019137698,-0.23039229701366026,13.077908,-11.652571,8.864066,6.2919717
iptv-epg_ve_2026-01-06,Instances_IPTV,-0.24735456197270922,-0.3687862849917076,0.86985976,-10.490527,10.174865,3.16548
iptv-epg_ve_2026-01-07,Instances_IPTV,-0.24561803216346434,-0.3666296414946161,0.9372213,-10.476994,10.090255,3.2740016
iptv-epg_vn_2026-01-04,Instances_IPTV,0.3637172309484279,0.021911644188838286,4.103521,16.363434,18.149933,15.589538
iptv-epg_vn_2026-01-05,Instances_IPTV,0.27294188574031997,-0.06705128764595825,1.3687239,16.071144,18.000832,15.929725
iptv-epg_vn_2026-01-06,Instances_IPTV,-0.821524703389809,-0.9572423919982552,-3.0594118,-48.79209,-15.72654,17.445196
iptv-epg_vn_2026-01-07,Instances_IPTV,-0.821524703389809,-0.9572423919982552,-2.734179,-47.067295,-15.462831,17.529575
iptv-epg_za_2026-01-04,Instances_IPTV,0.5512026946611325,-0.04230181919170417,25.832932,-5.9138346,7.5731134,10.014973
iptv-epg_za_2026-01-05,Instances_IPTV,0.5173430997623284,0.05760684483463563,11.345833,18.742062,17.742764,13.905345
iptv-epg_za_2026-01-06,Instances_IPTV,0.10444761361856769,0.018075697431760296,-11.446523,-9.920093,11.765979,0.54332924
iptv-epg_za_2026-01-07,Instances_IPTV,0.15104048988238405,-0.0093233400936652,-12.46561,-16.26842,12.392189,2.8046055
iptv-epg_zw_2026-01-04,Instances_IPTV,0.47677184682307294,0.10227184795721356,11.070438,25.171791,18.960342,14.107997
iptv-epg_zw_2026-01-05,Instances_IPTV,0.4483585043115158,0.1047795622555554,10.76398,25.730238,19.232151,14.266214
iptv-epg_zw_2026-01-06,Instances_IPTV,0.08821046778650443,0.03741369688339524,-9.612183,-6.8955054,11.094467,0.6920469
iptv-epg_zw_2026-01-07,Instances_IPTV,0.173594421321838,-0.11030825475274642,13.027892,-14.23457,8.4889345,6.02258
